Karaj,Alborz
Karaj,Alborz
Fardis,Alborz
Kamal Shahr,Alborz
Nazarabad,Alborz
Mohammadshahr,Alborz
Hashtgerd,Alborz
Mahdasht,Alborz
Meshkin Dasht,Alborz
Chaharbagh,Alborz
Shahr-e Jadid-e Hashtgerd,Alborz
Eshtehard,Alborz
Garmdarreh,Alborz
Golsar,Alborz
Kuhsar,Alborz
Taleqan,Alborz
Asara,Alborz
Tankaman,Alborz
Ardabil,Ardabil
Parsabad,Ardabil
Meshginshahr,Ardabil
Khalkhal,Ardabil
Germi,Ardabil
Bileh Savar,Ardabil
Namin,Ardabil
Jafarabad,Ardabil
Kivi,Ardabil
Anbaran,Ardabil
Abi Beyglu,Ardabil
Nir,Ardabil
Hashatjin,Ardabil
Sareyn,Ardabil
Aslan Duz,Ardabil
Eslamabad-e Qadim,Ardabil
Tazeh Kand-e Qadim,Ardabil
Qasabeh,Ardabil
Lahrud,Ardabil
Hir,Ardabil
Kolowr,Ardabil
Razey,Ardabil
Tazeh Kand-e Angut,Ardabil
Fakhrabad,Ardabil
Kuraim,Ardabil
Moradlu,Ardabil
Bushehr,Bushehr
Borazjan,Bushehr
Bandar Ganaveh,Bushehr
Khormoj,Bushehr
Bandar Kangan,Bushehr
Jam,Bushehr
Bandar Deylam,Bushehr
Bandar-e Deyr,Bushehr
Ali Shahr,Bushehr
Choghadak,Bushehr
Ab Pakhsh,Bushehr
Ahram,Bushehr
Vahdatiyeh,Bushehr
Kaki,Bushehr
Bank,Bushehr
Nakhl Taqi,Bushehr
Asaluyeh,Bushehr
Kharg,Bushehr
Dalaki,Bushehr
Sadabad,Bushehr
Shabankareh,Bushehr
Abdan,Bushehr
Bandar Rig,Bushehr
Bardestan,Bushehr
Bord Khun,Bushehr
Delvar,Bushehr
Bandar Siraf,Bushehr
Dowrahak,Bushehr
Baduleh,Bushehr
Tang-e Eram,Bushehr
Abad,Bushehr
Anarestan,Bushehr
Shonbeh,Bushehr
Imam Hassan,Bushehr
Kalameh,Bushehr
Riz,Bushehr
Bushkan,Bushehr
Shahr-e Kord,Chaharmahal and Bakhtiari
Shahr-e Kord,Chaharmahal and Bakhtiari
Borujen,Chaharmahal and Bakhtiari
Farsan,Chaharmahal and Bakhtiari
Farrokh Shahr,Chaharmahal and Bakhtiari
Lordegan,Chaharmahal and Bakhtiari
Hafshejan,Chaharmahal and Bakhtiari
Saman,Chaharmahal and Bakhtiari
Junqan,Chaharmahal and Bakhtiari
Kian,Chaharmahal and Bakhtiari
Faradonbeh,Chaharmahal and Bakhtiari
Ben,Chaharmahal and Bakhtiari
Sureshjan,Chaharmahal and Bakhtiari
Babaheydar,Chaharmahal and Bakhtiari
Boldaji,Chaharmahal and Bakhtiari
Ardal,Chaharmahal and Bakhtiari
Naqneh,Chaharmahal and Bakhtiari
Pardanjan,Chaharmahal and Bakhtiari
Shalamzar,Chaharmahal and Bakhtiari
Gahru,Chaharmahal and Bakhtiari
Gujan,Chaharmahal and Bakhtiari
Sefiddasht,Chaharmahal and Bakhtiari
Gandoman,Chaharmahal and Bakhtiari
Taqanak,Chaharmahal and Bakhtiari
Sardasht,Chaharmahal and Bakhtiari
Sudjan,Chaharmahal and Bakhtiari
Naghan,Chaharmahal and Bakhtiari
Dastana,Chaharmahal and Bakhtiari
Cholicheh,Chaharmahal and Bakhtiari
Vardanjan,Chaharmahal and Bakhtiari
Kaj,Chaharmahal and Bakhtiari
Dashtak,Chaharmahal and Bakhtiari
Nafech,Chaharmahal and Bakhtiari
Mal-e Khalifeh,Chaharmahal and Bakhtiari
Chelgard,Chaharmahal and Bakhtiari
Aluni,Chaharmahal and Bakhtiari
Haruni,Chaharmahal and Bakhtiari
Sar Khun,Chaharmahal and Bakhtiari
Bazoft,Chaharmahal and Bakhtiari
Manj-e Nesa,Chaharmahal and Bakhtiari
Samsami,Chaharmahal and Bakhtiari
Tabriz,East Azerbaijan
Maragheh,East Azerbaijan
Marand,East Azerbaijan
Ahar,East Azerbaijan
Mianeh,East Azerbaijan
Bonab,East Azerbaijan
Sahand,East Azerbaijan
Sarab,East Azerbaijan
Azarshahr,East Azerbaijan
Hadishahr,East Azerbaijan
Ajab Shir,East Azerbaijan
Sardrud,East Azerbaijan
Malekan,East Azerbaijan
Shabestar,East Azerbaijan
Bostanabad,East Azerbaijan
Hashtrud,East Azerbaijan
Osku,East Azerbaijan
Ilkhchi,East Azerbaijan
Mamqan,East Azerbaijan
Khosrowshah,East Azerbaijan
Basmenj,East Azerbaijan
Gugan,East Azerbaijan
Heris,East Azerbaijan
Yamchi,East Azerbaijan
Kaleybar,East Azerbaijan
Shendabad,East Azerbaijan
Sufian,East Azerbaijan
Jolfa,East Azerbaijan
Koshksaray,East Azerbaijan
Tasuj,East Azerbaijan
Torkamanchay,East Azerbaijan
Kolvanaq,East Azerbaijan
Leylan,East Azerbaijan
Sis,East Azerbaijan
Bakhshayesh,East Azerbaijan
Qarah Aghaj,East Azerbaijan
Mehraban,East Azerbaijan
Teymurlu,East Azerbaijan
Varzaqan,East Azerbaijan
Zarnaq,East Azerbaijan
Hurand,East Azerbaijan
Khajeh,East Azerbaijan
Benab e Marand,East Azerbaijan
Sharabian,East Azerbaijan
Vayqan,East Azerbaijan
Mobarak Shahr,East Azerbaijan
Sharafkhaneh,East Azerbaijan
Kuzeh Kanan,East Azerbaijan
Achachi,East Azerbaijan
Duzduzan,East Azerbaijan
Kharvana,East Azerbaijan
Khamaneh,East Azerbaijan
Tekmeh Dash,East Azerbaijan
Aqkand,East Azerbaijan
Abish Ahmad,East Azerbaijan
Zonuz,East Azerbaijan
Tark,East Azerbaijan
Khomarlu,East Azerbaijan
Kharaju,East Azerbaijan
Siah Rud,East Azerbaijan
Nazarkahrizi,East Azerbaijan
Jowan Qaleh,East Azerbaijan
Malek Kian,East Azerbaijan
Shahriar,East Azerbaijan
Isfahan,Isfahan
Kashan,Isfahan
Khomeyni Shahr,Isfahan
Najafabad,Isfahan
Shahin Shahr,Isfahan
Shahreza,Isfahan
Fuladshahr,Isfahan
Baharestan,Isfahan
Mobarakeh,Isfahan
Aran va Bidgol,Isfahan
Golpayegan,Isfahan
Zarrin Shahr,Isfahan
Dorcheh Piaz,Isfahan
Dowlatabad,Isfahan
Falavarjan,Isfahan
Qahderijan,Isfahan
Khvorzuq,Isfahan
Nain,Isfahan
Semirom,Isfahan
Kelishad va Sudarjan,Isfahan
Goldasht,Isfahan
Gaz,Isfahan
Abrisham,Isfahan
Khansar,Isfahan
Tiran,Isfahan
Daran,Isfahan
Sedeh Lenjan,Isfahan
Dizicheh,Isfahan
Varnamkhast,Isfahan
Dehaqan,Isfahan
Dastgerd,Isfahan
Ardestan,Isfahan
Chamgardan,Isfahan
Badrud,Isfahan
Imanshahr,Isfahan
Natanz,Isfahan
Chermahin,Isfahan
Fereydunshahr,Isfahan
Pir Bakran,Isfahan
Kushk,Isfahan
Varzaneh,Isfahan
Nushabad,Isfahan
Baharan Shahr,Isfahan
Kahriz Sang,Isfahan
Bagh-e Bahadoran,Isfahan
Zibashahr,Isfahan
Chadegan,Isfahan
Talkhuncheh,Isfahan
Golshahr,Isfahan
Buin va Miandasht,Isfahan
Qahjaverestan,Isfahan
Zayandeh Rud,Isfahan
Gorgab,Isfahan
Habibabad,Isfahan
Majlesi,Isfahan
Zavareh,Isfahan
Dehaq,Isfahan
Alavicheh,Isfahan
Zazeran,Isfahan
Manzariyeh,Isfahan
Karkevand,Isfahan
Asgharabad,Isfahan
Khur,Isfahan
Nasrabad,Isfahan
Guged,Isfahan
Harand,Isfahan
Jowzdan,Isfahan
Shadpurabad,Isfahan
Abuzeydabad,Isfahan
Sefidshahr,Isfahan
Meymeh,Isfahan
Barf Anbar,Isfahan
Meshkat,Isfahan
Hana,Isfahan
Rozveh,Isfahan
Komeshcheh,Isfahan
Vazvan,Isfahan
Kuhpayeh,Isfahan
Sin,Isfahan
Golshan,Isfahan
Damaneh,Isfahan
Sagzi,Isfahan
Hasanabad,Isfahan
Nikabad,Isfahan
Mohammadabad,Isfahan
Mahabad,Isfahan
Asgaran,Isfahan
Jandaq,Isfahan
Baghshad,Isfahan
Tudeshk,Isfahan
Jowsheqan va Kamu,Isfahan
Ziar,Isfahan
Qamsar,Isfahan
Afus,Isfahan
Rezvanshahr,Isfahan
Ezhiyeh,Isfahan
Khaledabad,Isfahan
Farrokhi,Isfahan
Kamu va Chugan,Isfahan
Barzok,Isfahan
Tarq,Isfahan
Vanak,Isfahan
Komeh,Isfahan
Neyasar,Isfahan
Bafran,Isfahan
Anarak,Isfahan
Lay Bid,Isfahan
Shiraz,Fars
Marvdasht,Fars
Jahrom,Fars
Fasa,Fars
Kazerun,Fars
Sadra,Fars
Darab,Fars
Firuzabad,Fars
Lar,Fars
Abadeh,Fars
Nurabad,Fars
Neyriz,Fars
Eqlid,Fars
Estahban,Fars
Gerash,Fars
Zarqan,Fars
Kavar,Fars
Lamerd,Fars
Safashahr,Fars
Qaemiyeh,Fars
Hajjiabad,Fars
Farashband,Fars
Qir,Fars
Evaz,Fars
Khonj,Fars
Kharameh,Fars
Sarvestan,Fars
Arsanjan,Fars
Saadat Shahr,Fars
Qaderabad,Fars
Ardakan,Fars
Dobiran,Fars
Jannat Shahr,Fars
Galleh Dar,Fars
Soghad,Fars
Meymand,Fars
Darian,Fars
Zahedshahr,Fars
Khesht,Fars
Surian,Fars
Banaruiyeh,Fars
Masiri,Fars
Lapui,Fars
Karzin,Fars
Seyyedan,Fars
Eshkanan,Fars
Shahr-e Pir,Fars
Beyram,Fars
Bahman,Fars
Qotbabad,Fars
Juyom,Fars
Abadeh Tashk,Fars
Khur,Fars
Mohr,Fars
Beyza,Fars
Latifi,Fars
Bab Anar,Fars
Qarah Bolagh,Fars
Ij,Fars
Khumeh Zar,Fars
Konartakhteh,Fars
Miyanshahr,Fars
Izadkhast,Fars
Emam Shahr,Fars
Runiz,Fars
Mobarakabad,Fars
Sedeh,Fars
Sheshdeh,Fars
Khavaran,Fars
Meshkan,Fars
Varavi,Fars
Emad Deh,Fars
Fadami,Fars
Alamarvdasht,Fars
Khaneh Zenyan,Fars
Baladeh,Fars
Nujin,Fars
Korehi,Fars
Dezhkord,Fars
Surmaq,Fars
Mazayjan,Fars
Dehram,Fars
Kuhenjan,Fars
Khuzi,Fars
Kupon,Fars
Now Bandegan,Fars
Ahel,Fars
Hesami,Fars
Khaniman,Fars
Do Borji,Fars
Qatruyeh,Fars
Nowdan,Fars
Kamfiruz,Fars
Hamashahr,Fars
Efzar,Fars
Asir,Fars
Ramjerd,Fars
Hasanabad,Fars
Soltan Shahr,Fars
Madar-e Soleyman,Fars
Baba Monir,Fars
Duzeh,Fars
Arad,Fars
Fishvar,Fars
Rasht,Gilan
Bandar-e Anzali,Gilan
Lahijan,Gilan
Langarud,Gilan
Hashtpar,Gilan
Astara,Gilan
Sowme'eh Sara,Gilan
Astaneh-ye Ashrafiyeh,Gilan
Rudsar,Gilan
Fuman,Gilan
Khomam,Gilan
Siahkal,Gilan
Rezvanshahr,Gilan
Manjil,Gilan
Amlash,Gilan
Kiashahr,Gilan
Rostamabad,Gilan
Lowshan,Gilan
Rudbar,Gilan
Kelachay,Gilan
Masal,Gilan
Lasht-e Nesha,Gilan
Lavandevil,Gilan
Kuchesfahan,Gilan
Asalem,Gilan
Rahimabad,Gilan
Sangar,Gilan
Chaf and Chamkhaleh,Gilan
Chaboksar,Gilan
Shaft,Gilan
Pareh Sar,Gilan
Luleman,Gilan
Khoshk-e Bijar,Gilan
Marjaghal,Gilan
Kumeleh,Gilan
Shalman,Gilan
Bazar Jomeh,Gilan
Chubar,Gilan
Gurab Zarmikh,Gilan
Vajargah,Gilan
Haviq,Gilan
Rudboneh,Gilan
Lisar,Gilan
Jirandeh,Gilan
Rankuh,Gilan
Ahmadsargurab,Gilan
Maklavan,Gilan
Tutkabon,Gilan
Barehsar,Gilan
Otaqvar,Gilan
Deylaman,Gilan
Masuleh,Gilan
Gorgan,Golestan
Gonbad-e Kavus,Golestan
Aliabad-e Katul,Golestan
Bandar Torkaman,Golestan
Azadshahr,Golestan
Kordkuy,Golestan
Kalaleh,Golestan
Aqqala,Golestan
Minudasht,Golestan
Galikash,Golestan
Bandar-e Gaz,Golestan
Gomishan,Golestan
Siminshahr,Golestan
Fazelabad,Golestan
Ramian,Golestan
Khan Bebin,Golestan
Daland,Golestan
Neginshahr,Golestan
Now Kandeh,Golestan
Sarkhon Kalateh,Golestan
Jelin-e Olya,Golestan
Anbar Olum,Golestan
Maraveh Tappeh,Golestan
Faraghi,Golestan
Tatar-e Olya,Golestan
Sangdevin,Golestan
Mazraeh,Golestan
Now Deh Khanduz,Golestan
Incheh Borun,Golestan
Hamadan,Hamadan
Malayer,Hamadan
Asadabad,Hamadan
Nahavand,Hamadan
Tuyserkan,Hamadan
Bahar,Hamadan
Kabudarahang,Hamadan
Lalejin,Hamadan
Famenin,Hamadan
Razan,Hamadan
Maryanaj,Hamadan
Azandarian,Hamadan
Qorveh-e Darjazin,Hamadan
Juraqan,Hamadan
Giyan,Hamadan
Mohajeran,Hamadan
Salehabad,Hamadan
Sarkan,Hamadan
Firuzan,Hamadan
Samen,Hamadan
Damaq,Hamadan
Barzul,Hamadan
Qahavand,Hamadan
Ajin,Hamadan
Shirin Su,Hamadan
Jowkar,Hamadan
Gol Tappeh,Hamadan
Farasfaj,Hamadan
Zangeneh,Hamadan
Bandar Abbas,Hormozgan
Minab,Hormozgan
Qeshm,Hormozgan
Gheshm,Hormozgan
Qeshm Island,Hormozgan
Rudan,Hormozgan
Bandar Lengeh,Hormozgan
Kish,Hormozgan
Kish Island,Hormozgan
Hajjiabad,Hormozgan
Kong,Hormozgan
Dargahan,Hormozgan
Bandar Khamir,Hormozgan
Jask,Hormozgan
Parsian,Hormozgan
Bastak,Hormozgan
Bika,Hormozgan
Jenah,Hormozgan
Hasht Bandi,Hormozgan
Ruydar,Hormozgan
Hormuz,Hormozgan
Suza,Hormozgan
Qaleh Qazi,Hormozgan
Sirik,Hormozgan
Tirur,Hormozgan
Dashti,Hormozgan
Tazian-e Pain,Hormozgan
Abu Musa,Hormozgan
Bandar Charak,Hormozgan
Garuk,Hormozgan
Ziarat-e Ali,Hormozgan
Fin,Hormozgan
Kushk-e Nar,Hormozgan
Takht,Hormozgan
Kuhestak,Hormozgan
Lamazan,Hormozgan
Senderk,Hormozgan
Fareghan,Hormozgan
Sardasht,Hormozgan
Gowharan,Hormozgan
Sargaz,Hormozgan
Dezghan,Hormozgan
Kukherd,Hormozgan
Ilam,Ilam
Abdanan,Ilam
Eyvan,Ilam
Dehloran,Ilam
Darreh Shahr,Ilam
Arakvaz,Ilam
Mehran,Ilam
Sarableh,Ilam
Asemanabad,Ilam
Towhid,Ilam
Chavar,Ilam
Badreh,Ilam
Shabab,Ilam
Pahleh,Ilam
Delgosha,Ilam
Murmuri,Ilam
Zarneh,Ilam
Lumar,Ilam
Musian,Ilam
Meymeh,Ilam
Sarabbagh,Ilam
Salehabad,Ilam
Mirza Hoseynabad,Ilam
Mehr,Ilam
Balavah,Ilam
Kerman,Kerman
Sirjan,Kerman
Rafsanjan,Kerman
Jiroft,Kerman
Bam,Kerman
Zarand,Kerman
Kahnuj,Kerman
Shahr-e Babak,Kerman
Baft,Kerman
Bardsir,Kerman
Baravat,Kerman
Ravar,Kerman
Mohamadabad,Kerman
Najaf Shahr,Kerman
Mahan,Kerman
Anbarabad,Kerman
Manujan,Kerman
Anar,Kerman
Rudbar,Kerman
Rabor,Kerman
Qaleh Ganj,Kerman
Kuhbanan,Kerman
Darb-e Behesht,Kerman
Baghin,Kerman
Rayen,Kerman
Negar,Kerman
Mes-e Sarcheshmeh,Kerman
Ekhtiarabad,Kerman
Golbaf,Kerman
Zeydabad,Kerman
Zangiabad,Kerman
Khursand,Kerman
Pariz,Kerman
Dehaj,Kerman
Koshkuiyeh,Kerman
Golzar,Kerman
Mohammadabad-e Gonbaki,Kerman
Fahraj,Kerman
Arzuiyeh,Kerman
Zeh-e Kalut,Kerman
Jebalbarez,Kerman
Chatrud,Kerman
Yazdan Shahr,Kerman
Nowdezh,Kerman
Faryab,Kerman
Reyhan Shahr,Kerman
Kian Shahr,Kerman
Bezenjan,Kerman
Lalehzar,Kerman
Aminshahr,Kerman
Dow Sari,Kerman
Boluk,Kerman
Bahreman,Kerman
Narmashir,Kerman
Shahdad,Kerman
Khatunabad,Kerman
Jupar,Kerman
Balvard,Kerman
Jowzam,Kerman
Kazemabad,Kerman
Khanuk,Kerman
Mohiabad,Kerman
Anduhjerd,Kerman
Khvaju Shahr,Kerman
Safayyeh,Kerman
Hamashahr,Kerman
Dashtkar,Kerman
Mardehek,Kerman
Nezamshahr,Kerman
Hanza,Kerman
Hojedk,Kerman
Kermanshah,Kermanshah
Eslamabad-e Gharb,Kermanshah
Kangavar,Kermanshah
Harsin,Kermanshah
Javanrud,Kermanshah
Sarpol-e Zahab,Kermanshah
Sonqor,Kermanshah
Sahneh,Kermanshah
Gilan-e Gharb,Kermanshah
Paveh,Kermanshah
Ravansar,Kermanshah
Qasr-e Shirin,Kermanshah
Tazehabad,Kermanshah
Kerend-Gharb,Kermanshah
Gahvareh,Kermanshah
Kuzaran,Kermanshah
Banevreh,Kermanshah
Gowdin,Kermanshah
Nowdeshah,Kermanshah
Shahrak-e Rijab,Kermanshah
Shahu,Kermanshah
Sarmast,Kermanshah
Bisotun,Kermanshah
Bayangan,Kermanshah
Nowsud,Kermanshah
Ezgeleh,Kermanshah
Homeyl,Kermanshah
Satar,Kermanshah
Robat,Kermanshah
Miyan Rahan,Kermanshah
Halashi,Kermanshah
Sumar,Kermanshah
Ahvaz,Khuzestan
Dezful,Khuzestan
Abadan,Khuzestan
Bandar-e Mahshahr,Khuzestan
Andimeshk,Khuzestan
Khorramshahr,Khuzestan
Behbahan,Khuzestan
Izeh,Khuzestan
Shushtar,Khuzestan
Masjed Soleyman,Khuzestan
Omidiyeh,Khuzestan
Bandar-e Emam Khomeyni,Khuzestan
Kut-e Abdollah,Khuzestan
Shush,Khuzestan
Ramhormoz,Khuzestan
Shadegan,Khuzestan
Susangerd,Khuzestan
Hendijan,Khuzestan
Ramshir,Khuzestan
Sheyban,Khuzestan
Hamidiyeh,Khuzestan
Gotvand,Khuzestan
Bagh-e Malek,Khuzestan
Chamran,Khuzestan
Lali,Khuzestan
Haftkel,Khuzestan
Hoveyzeh,Khuzestan
Veys,Khuzestan
Mollasani,Khuzestan
Aghajari,Khuzestan
Sharaft,Khuzestan
Dezab,Khuzestan
Arvandkenar,Khuzestan
Shamsabad,Khuzestan
Mianrud,Khuzestan
Qaleh Tall,Khuzestan
Safiabad,Khuzestan
Horr,Khuzestan
Hosseinabad,Khuzestan
Bostan,Khuzestan
Chavibdeh,Khuzestan
Elhayi,Khuzestan
Seydun,Khuzestan
Saleh Shahr,Khuzestan
Sardasht,Khuzestan
Alvan,Khuzestan
Hamzeh,Khuzestan
Torkalaki,Khuzestan
Darkhoveyn,Khuzestan
Siah Mansur,Khuzestan
Jannat Makan,Khuzestan
Abu Homeyzeh,Khuzestan
Dehdez,Khuzestan
Cham Golak,Khuzestan
Mansuriyeh,Khuzestan
Sardaran,Khuzestan
Shahrak-e Babak,Khuzestan
Kut-e Seyyed Naim,Khuzestan
Tashan,Khuzestan
Khanafereh,Khuzestan
Rafi,Khuzestan
Meydavud,Khuzestan
Saleh Moshatat,Khuzestan
Guriyeh,Khuzestan
Jayezan,Khuzestan
Saland,Khuzestan
Minushahr,Khuzestan
Qaleh-ye Khvajeh,Khuzestan
Bidrubeh,Khuzestan
Moshrageh,Khuzestan
Choghamish,Khuzestan
Hoseyniyeh,Khuzestan
Somaleh,Khuzestan
Abezhdan,Khuzestan
Zahreh,Khuzestan
Golgir,Khuzestan
Moqavemat,Khuzestan
Shirin Shahr,Khuzestan
Yasuj,Kohgiluyeh and Boyer-Ahmad
Gachsaran,Kohgiluyeh and Boyer-Ahmad
Dogonbadan,Kohgiluyeh and Boyer-Ahmad
Dehdasht,Kohgiluyeh and Boyer-Ahmad
Charam,Kohgiluyeh and Boyer-Ahmad
Likak,Kohgiluyeh and Boyer-Ahmad
Madavan,Kohgiluyeh and Boyer-Ahmad
Landeh,Kohgiluyeh and Boyer-Ahmad
Basht,Kohgiluyeh and Boyer-Ahmad
Sisakht,Kohgiluyeh and Boyer-Ahmad
Suq,Kohgiluyeh and Boyer-Ahmad
Dishmok,Kohgiluyeh and Boyer-Ahmad
Qaleh Raisi,Kohgiluyeh and Boyer-Ahmad
Margown,Kohgiluyeh and Boyer-Ahmad
Pataveh,Kohgiluyeh and Boyer-Ahmad
Sarfaryab,Kohgiluyeh and Boyer-Ahmad
Chitab,Kohgiluyeh and Boyer-Ahmad
Garab-e Sofla,Kohgiluyeh and Boyer-Ahmad
Sanandaj,Kurdistan
Saqqez,Kurdistan
Saghez,Kurdistan
Qorveh,Kurdistan
Marivan,Kurdistan
Baneh,Kurdistan
Kamyaran,Kurdistan
Divandarreh,Kurdistan
Bijar,Kurdistan
Dehgolan,Kurdistan
Kani Dinar,Kurdistan
Serishabad,Kurdistan
Delbaran,Kurdistan
Sarvabad,Kurdistan
Bolbanabad,Kurdistan
Yasukand,Kurdistan
Muchesh,Kurdistan
Aavraman Takht,Kurdistan
Dezej,Kurdistan
Armardeh,Kurdistan
Saheb,Kurdistan
Zarrineh,Kurdistan
Tup Aghaj,Kurdistan
Buin-e Sofla,Kurdistan
Shuyesheh,Kurdistan
Kani Sur,Kurdistan
Pir Taj,Kurdistan
Bardeh Rasheh,Kurdistan
Babarashani,Kurdistan
Chenareh,Kurdistan
Khorramabad,Lorestan
Borujerd,Lorestan
Borojerd,Lorestan
Dorud,Lorestan
Kuhdasht,Lorestan
Aligudarz,Lorestan
Nurabad,Lorestan
Azna,Lorestan
Aleshtar,Lorestan
Pol-e Dokhtar,Lorestan
Kunani,Lorestan
Mamulan,Lorestan
Chaqabol,Lorestan
Oshtorinan,Lorestan
Garab,Lorestan
Sepiddasht,Lorestan
Firuzabad,Lorestan
Zagheh,Lorestan
Darb-e Gonbad,Lorestan
Veysian,Lorestan
Bayranshahr,Lorestan
Sarab-e Dowreh,Lorestan
Momenabad,Lorestan
Chalanchulan,Lorestan
Shulehabad-e Olya,Lorestan
Haft Cheshmeh,Lorestan
Arak,Markazi
Saveh,Markazi
Khomeyn,Markazi
Mahallat,Markazi
Delijan,Markazi
Shazand,Markazi
Mamuniyeh,Markazi
Mahajeran,Markazi
Tafresh,Markazi
Milajerd,Markazi
Ashtian,Markazi
Komijan,Markazi
Khondab,Markazi
Shahbaz,Markazi
Astaneh,Markazi
Zaviyeh,Markazi
Parandak,Markazi
Nimvar,Markazi
Farmahin,Markazi
Davudabad,Markazi
Gharqabad,Markazi
Khoshkrud,Markazi
Javersiyan,Markazi
Aveh,Markazi
Karchan,Markazi
Nowbaran,Markazi
Khenejin,Markazi
Naraq,Markazi
Tureh,Markazi
Saruq,Markazi
Hendudur,Markazi
Qurchi Bashi,Markazi
Razeghi,Markazi
Bazneh,Markazi
Sari,Mazandaran
Sary,Mazandaran
Babol,Mazandaran
Amol,Mazandaran
Qaem Shahr,Mazandaran
Behshahr,Mazandaran
Chalus,Mazandaran
Chaloos,Mazandaran
Neka,Mazandaran
Babolsar,Mazandaran
Shahsavar,Mazandaran
Tonekabon,Mazandaran
Nowshahr,Mazandaran
Fereydunkenar,Mazandaran
Ramsar,Mazandaran
Juybar,Mazandaran
Mahmudabad,Mazandaran
Amirkola,Mazandaran
Nur,Mazandaran
Galugah,Mazandaran
Ketalem and Sadat Shahr,Mazandaran
Zirab,Mazandaran
Abbasabad,Mazandaran
Kelardasht,Mazandaran
Rostamkola,Mazandaran
Khorramabad,Mazandaran
Shirud,Mazandaran
Chamestan,Mazandaran
Khalil Shahr,Mazandaran
Hachirud,Mazandaran
Arateh,Mazandaran
Salman Shahr,Mazandaran
Surak,Mazandaran
Shirgah,Mazandaran
Pol Sefid,Mazandaran
Kiakola,Mazandaran
Bahnemir,Mazandaran
Royan,Mazandaran
Izadshahr,Mazandaran
Gatab,Mazandaran
Sorkhrud,Mazandaran
Marzanabad,Mazandaran
Nashtarud,Mazandaran
Kelarabad,Mazandaran
Galugah,Mazandaran
Kiasar,Mazandaran
Kalleh Bast,Mazandaran
Zargarmahalleh,Mazandaran
Pul,Mazandaran
Kojur,Mazandaran
Khush Rudpey,Mazandaran
Imamzadeh Abdollah,Mazandaran
Kuhi Kheyl,Mazandaran
Baladeh,Mazandaran
Dabudasht,Mazandaran
Alasht,Mazandaran
Rineh,Mazandaran
Pain Hular,Mazandaran
Marzikola,Mazandaran
Gazanak,Mazandaran
Farim,Mazandaran
Bojnord,North Khorasan
Bojnourd,North Khorasan
Shirvan,North Khorasan
Esfarayen,North Khorasan
Jajarm,North Khorasan
Garmeh,North Khorasan
Ashkhaneh,North Khorasan
Faruj,North Khorasan
Raz,North Khorasan
Daraq,North Khorasan
Ziarat,North Khorasan
Safiabad,North Khorasan
Ivar,North Khorasan
Shahrabad-e Khavar,North Khorasan
Titkanlu,North Khorasan
Chenaran,North Khorasan
Qazi,North Khorasan
Shoqan,North Khorasan
Sankhvast,North Khorasan
Pish Qaleh,North Khorasan
Lujali,North Khorasan
Hesar-e Garmkhan,North Khorasan
Qushkhaneh,North Khorasan
Qazvin,Qazvin
Alvand,Qazvin
Eqbaliyeh,Qazvin
Takestan,Qazvin
Abyek,Qazvin
Mohammadiyeh,Qazvin
Bidestan,Qazvin
Mahmudabad Nemuneh,Qazvin
Buin Zahra,Qazvin
Sharifiyeh,Qazvin
Shal,Qazvin
Esfarvarin,Qazvin
Danesfahan,Qazvin
Ziaabad,Qazvin
Khorramdasht,Qazvin
Narjeh,Qazvin
Abgarm,Qazvin
Sagzabad,Qazvin
Ardak,Qazvin
Avaj,Qazvin
Khak-e Ali,Qazvin
Moallem Kalayeh,Qazvin
Kuhin,Qazvin
Razmian,Qazvin
Sirdan,Qazvin
Qom,Qom
Qanavat,Qom
Jafariyeh,Qom
Dastjerd,Qom
Kahak,Qom
Salafchegan,Qom
Mashhad,Razavi Khorasan
Nishapur,Razavi Khorasan
Sabzevar,Razavi Khorasan
Torbat-e Heydarieh,Razavi Khorasan
Kashmar,Razavi Khorasan
Quchan,Razavi Khorasan
Torbat-e Jam,Razavi Khorasan
Taybad,Razavi Khorasan
Chenaran,Razavi Khorasan
Sarakhs,Razavi Khorasan
Gonabad,Razavi Khorasan
Fariman,Razavi Khorasan
Shahr Jadid-e Golbahar,Razavi Khorasan
Dargaz,Razavi Khorasan
Khaf,Razavi Khorasan
Bardaskan,Razavi Khorasan
Torqabeh,Razavi Khorasan
Feyzabad,Razavi Khorasan
Neqab,Razavi Khorasan
Shandiz,Razavi Khorasan
Kharv,Razavi Khorasan
Khalilabad,Razavi Khorasan
Sangan,Razavi Khorasan
Bajestan,Razavi Khorasan
Kariz,Razavi Khorasan
Mashhad Rizeh,Razavi Khorasan
Dowlatabad,Razavi Khorasan
Bakharz,Razavi Khorasan
Razaviyeh,Razavi Khorasan
Salehabad,Razavi Khorasan
Farhadgerd,Razavi Khorasan
Golmakan,Razavi Khorasan
Ahmadabad-e Sowlat,Razavi Khorasan
Nasrabad,Razavi Khorasan
Nilshahr,Razavi Khorasan
Nashtifan,Razavi Khorasan
Kalat,Razavi Khorasan
Jangal,Razavi Khorasan
Salami,Razavi Khorasan
Joghatai,Razavi Khorasan
Anabad,Razavi Khorasan
Kondor,Razavi Khorasan
Roshtkhar,Razavi Khorasan
Firuzeh,Razavi Khorasan
Darrud,Razavi Khorasan
Sefid Sang,Razavi Khorasan
Soltanabad,Razavi Khorasan
Rivash,Razavi Khorasan
Bidokht,Razavi Khorasan
Qasemabad,Razavi Khorasan
Qalandarabad,Razavi Khorasan
Kakhk,Razavi Khorasan
Rud Ab,Razavi Khorasan
Bar,Razavi Khorasan
Shahr-e Zow,Razavi Khorasan
Bayg,Razavi Khorasan
Yunesi,Razavi Khorasan
Shadmehr,Razavi Khorasan
Kadkan,Razavi Khorasan
Qadamgah,Razavi Khorasan
Davarzan,Razavi Khorasan
Now Khandan,Razavi Khorasan
Chapeshlu,Razavi Khorasan
Sheshtomad,Razavi Khorasan
Shahrabad,Razavi Khorasan
Lotfabad,Razavi Khorasan
Robat-e Sang,Razavi Khorasan
Chekneh,Razavi Khorasan
Eshqabad,Razavi Khorasan
Hemmatabad,Razavi Khorasan
Malekabad,Razavi Khorasan
Mazdavand,Razavi Khorasan
Bajgiran,Razavi Khorasan
Semnan,Semnan
Shahrud,Semnan
Shahrood,Semnan
Damghan,Semnan
Garmsar,Semnan
Mehdishahr,Semnan
Aradan,Semnan
Eyvanki,Semnan
Bastam,Semnan
Sorkheh,Semnan
Shahmirzad,Semnan
Mojen,Semnan
Kalateh Khij,Semnan
Darjazin,Semnan
Meyami,Semnan
Kalateh Rudbar,Semnan
Dibaj,Semnan
Beyarjomand,Semnan
Amiriyeh,Semnan
Rudian,Semnan
Kohanabad,Semnan
Zahedan,Sistan and Baluchestan
Zabol,Sistan and Baluchestan
Iranshahr,Sistan and Baluchestan
Chabahar,Sistan and Baluchestan
Saravan,Sistan and Baluchestan
Khash,Sistan and Baluchestan
Konarak,Sistan and Baluchestan
Jaleq,Sistan and Baluchestan
Nik Shahr,Sistan and Baluchestan
Pishin,Sistan and Baluchestan
Zehak,Sistan and Baluchestan
Qasr-e Qand,Sistan and Baluchestan
Suran,Sistan and Baluchestan
Fanuj,Sistan and Baluchestan
Bampur,Sistan and Baluchestan
Zaboli,Sistan and Baluchestan
Mohamadan,Sistan and Baluchestan
Galmurti,Sistan and Baluchestan
Rasak,Sistan and Baluchestan
Mirjaveh,Sistan and Baluchestan
Dust Mohammad,Sistan and Baluchestan
Bent,Sistan and Baluchestan
Nosratabad,Sistan and Baluchestan
Bazman,Sistan and Baluchestan
Negur,Sistan and Baluchestan
Mohamadi,Sistan and Baluchestan
Bonjar,Sistan and Baluchestan
Gosht,Sistan and Baluchestan
Ali Akbar,Sistan and Baluchestan
Espakeh,Sistan and Baluchestan
Zarabad,Sistan and Baluchestan
Adimi,Sistan and Baluchestan
Nukabad,Sistan and Baluchestan
Mohammadabad,Sistan and Baluchestan
Sirkan,Sistan and Baluchestan
Hiduj,Sistan and Baluchestan
Sarbaz,Sistan and Baluchestan
Ramshar,Sistan and Baluchestan
Birjand,South Khorasan
Qaen,South Khorasan
Tabas,South Khorasan
Ferdows,South Khorasan
Nehbandan,South Khorasan
Boshruyeh,South Khorasan
Sarayan,South Khorasan
Sarbisheh,South Khorasan
Eslamiyeh,South Khorasan
Ayask,South Khorasan
Khezri Dasht Beyaz,South Khorasan
Eshqabad,South Khorasan
Hajjiabad,South Khorasan
Asadiyeh,South Khorasan
Seh Qaleh,South Khorasan
Nimbeluk,South Khorasan
Tabas-e Masina,South Khorasan
Khusf,South Khorasan
Esfeden,South Khorasan
Arianshahr,South Khorasan
Deyhuk,South Khorasan
Mud,South Khorasan
Shusef,South Khorasan
Eresk,South Khorasan
Qohestan,South Khorasan
Gazik,South Khorasan
Zohan,South Khorasan
Mohammadshahr,South Khorasan
Tehran,Tehran
Eslamshahr,Tehran
Golestan,Tehran
Qods,Tehran
Malard,Tehran
Varamin,Tehran
Shahriar,Tehran
Qarchak,Tehran
Nasimshahr,Tehran
Pakdasht,Tehran
Pardis,Tehran
Andisheh,Tehran
Robat Karim,Tehran
Parand,Tehran
Salehieh,Tehran
Damavand,Tehran
Baqershahr,Tehran
Baghestan,Tehran
Bumahen,Tehran
Chahardangeh,Tehran
Pishva,Tehran
Sabashahr,Tehran
Kahrizak,Tehran
Vahidieh,Tehran
Nasirshahr,Tehran
Ferdowsieh,Tehran
Hasanabad,Tehran
Safadasht,Tehran
Rudehen,Tehran
Shahedshahr,Tehran
Ferunabad,Tehran
Lavasan,Tehran
Firuzkuh,Tehran
Ahmadabad-e Mostowfi,Tehran
Absard,Tehran
Sharifabad,Tehran
Fasham,Tehran
Javadabad,Tehran
Shemshak,Tehran
Kilan,Tehran
Abali,Tehran
Arjomand,Tehran
Urmia,West Azerbaijan
Khoy,West Azerbaijan
Bukan,West Azerbaijan
Mahabad,West Azerbaijan
Miandoab,West Azerbaijan
Salmas,West Azerbaijan
Piranshahr,West Azerbaijan
Naqadeh,West Azerbaijan
Naghadeh,West Azerbaijan
Takab,West Azerbaijan
Maku,West Azerbaijan
Oshnavieh,West Azerbaijan
Oshnovieh,West Azerbaijan
Sardasht,West Azerbaijan
Shahin Dezh,West Azerbaijan
Qarah Zia od Din,West Azerbaijan
Showt,West Azerbaijan
Rabat,West Azerbaijan
Siah Cheshmeh,West Azerbaijan
Poldasht,West Azerbaijan
Bazargan,West Azerbaijan
Tazeh Shahr,West Azerbaijan
Mohammadyar,West Azerbaijan
Chahar Borj,West Azerbaijan
Firuraq,West Azerbaijan
Dizaj Diz,West Azerbaijan
Nushin,West Azerbaijan
Mahmudabad,West Azerbaijan
Mirabad,West Azerbaijan
Qatur,West Azerbaijan
Baruq,West Azerbaijan
Keshavarz,West Azerbaijan
Gerd Kashaneh,West Azerbaijan
Ivughli,West Azerbaijan
Nazok-e Olya,West Azerbaijan
Qushchi,West Azerbaijan
Nalus,West Azerbaijan
Marganlar,West Azerbaijan
Avajiq,West Azerbaijan
Serow,West Azerbaijan
Silvaneh,West Azerbaijan
Simmineh,West Azerbaijan
Zurabad,West Azerbaijan
Khalifan,West Azerbaijan
Yazd,Yazd
Meybod,Yazd
Ardakan,Yazd
Bafq,Yazd
Hamidiya,Yazd
Mehriz,Yazd
Abarkuh,Yazd
Taft,Yazd
Shahediyeh,Yazd
Ashkezar,Yazd
Herat,Yazd
Zarach,Yazd
Marvast,Yazd
Mehrdasht,Yazd
Behabad,Yazd
Bafruiyeh,Yazd
Ahmadabad,Yazd
Nadushan,Yazd
Aqda,Yazd
Nir,Yazd
Khezrabad,Yazd
Rezvanshahr,Yazd
Zanjan,Zanjan
Abhar,Zanjan
Khorramdarreh,Zanjan
Qeydar,Zanjan
Hidaj,Zanjan
Sain Qaleh,Zanjan
Soltaniyeh,Zanjan
Sojas,Zanjan
Sohrevard,Zanjan
Zarrin Rud,Zanjan
Ab Bar,Zanjan
Mah Neshan,Zanjan
Garmab,Zanjan
Dandi,Zanjan
Nurabad,Zanjan
Karasf,Zanjan
Zarrinabad,Zanjan
Armaghankhaneh,Zanjan
Chavarzaq,Zanjan
Halab,Zanjan
Nik Pey,Zanjan
